Index	FileName	Category	FOB
1	0001.jpg	Silct_BigData	Texture
2	0002.jpg	Silct_BigData	Boulder
3	0003.jpg	Silct_BigData	Filled
4	0004.jpg	Silct_BigData	Texture
5	0005.jpg	Silct_BigData	Boulder
6	0006.jpg	Silct_BigData	Filled
7	0007.jpg	Silct_BigData	Texture
8	0008.jpg	Silct_BigData	Boulder
9	0009.jpg	Silct_BigData	Filled
10	0010.jpg	Silct_BigData	Texture
11	0011.jpg	Silct_BigData	Boulder
12	0012.jpg	Silct_BigData	Filled
13	0013.jpg	Silct_BigData	Texture
14	0014.jpg	Silct_BigData	Boulder
15	0015.jpg	Silct_BigData	Filled
16	0016.jpg	Silct_BigData	Texture
17	0017.jpg	Silct_BigData	Boulder
18	0018.jpg	Silct_BigData	Filled
19	0019.jpg	Silct_BigData	Texture
20	0020.jpg	Silct_BigData	Boulder
21	0021.jpg	Silct_BigData	Filled
22	0022.jpg	Silct_BigData	Texture
23	0023.jpg	Silct_BigData	Boulder
24	0024.jpg	Silct_BigData	Filled
25	0025.jpg	Silct_BigData	Texture
26	0026.jpg	Silct_BigData	Boulder
27	0027.jpg	Silct_BigData	Filled
28	0028.jpg	Silct_BigData	Texture
29	0029.jpg	Silct_BigData	Boulder
30	0030.jpg	Silct_BigData	Filled
31	0031.jpg	Silct_BigData	Texture
32	0032.jpg	Silct_BigData	Boulder
33	0033.jpg	Silct_BigData	Filled
34	0034.jpg	Silct_BigData	Texture
35	0035.jpg	Silct_BigData	Boulder
36	0036.jpg	Silct_BigData	Filled
37	0037.jpg	Silct_BigData	Texture
38	0038.jpg	Silct_BigData	Boulder
39	0039.jpg	Silct_BigData	Filled
40	0040.jpg	Silct_BigData	Texture
41	0041.jpg	Silct_BigData	Boulder
42	0042.jpg	Silct_BigData	Filled
43	0043.jpg	Silct_BigData	Texture
44	0044.jpg	Silct_BigData	Boulder
45	0045.jpg	Silct_BigData	Filled
46	0046.jpg	Silct_BigData	Texture
47	0047.jpg	Silct_BigData	Boulder
48	0048.jpg	Silct_BigData	Filled
49	0049.jpg	Silct_BigData	Texture
50	0050.jpg	Silct_BigData	Boulder
51	0051.jpg	Silct_BigData	Filled
52	0052.jpg	Silct_BigData	Texture
53	0053.jpg	Silct_BigData	Boulder
54	0054.jpg	Silct_BigData	Filled
55	0055.jpg	Silct_BigData	Texture
56	0056.jpg	Silct_BigData	Boulder
57	0057.jpg	Silct_BigData	Filled
58	0058.jpg	Silct_BigData	Texture
59	0059.jpg	Silct_BigData	Boulder
60	0060.jpg	Silct_BigData	Filled
61	0061.jpg	Silct_BigData	Texture
62	0062.jpg	Silct_BigData	Boulder
63	0063.jpg	Silct_BigData	Filled
64	0064.jpg	Silct_BigData	Texture
65	0065.jpg	Silct_BigData	Boulder
66	0066.jpg	Silct_BigData	Filled
67	0067.jpg	Silct_BigData	Texture
68	0068.jpg	Silct_BigData	Boulder
69	0069.jpg	Silct_BigData	Filled
70	0070.jpg	Silct_BigData	Texture
71	0071.jpg	Silct_BigData	Boulder
72	0072.jpg	Silct_BigData	Filled
73	0073.jpg	Silct_BigData	Texture
74	0074.jpg	Silct_BigData	Boulder
75	0075.jpg	Silct_BigData	Filled
76	0076.jpg	Silct_BigData	Texture
77	0077.jpg	Silct_BigData	Boulder
78	0078.jpg	Silct_BigData	Filled
79	0079.jpg	Silct_BigData	Texture
80	0080.jpg	Silct_BigData	Boulder
81	0081.jpg	Silct_BigData	Filled
82	0082.jpg	Silct_BigData	Texture
83	0083.jpg	Silct_BigData	Boulder
84	0084.jpg	Silct_BigData	Filled
85	0085.jpg	Silct_BigData	Texture
86	0086.jpg	Silct_BigData	Boulder
87	0087.jpg	Silct_BigData	Filled
88	0088.jpg	Silct_BigData	Texture
89	0089.jpg	Silct_BigData	Boulder
90	0090.jpg	Silct_BigData	Filled
91	0091.jpg	Silct_BigData	Texture
92	0092.jpg	Silct_BigData	Boulder
93	0093.jpg	Silct_BigData	Filled
94	0094.jpg	Silct_BigData	Texture
95	0095.jpg	Silct_BigData	Boulder
96	0096.jpg	Silct_BigData	Filled
97	0097.jpg	Silct_BigData	Texture
98	0098.jpg	Silct_BigData	Boulder
99	0099.jpg	Silct_BigData	Filled
100	0100.jpg	Silct_BigData	Texture
101	0101.jpg	Silct_BigData	Boulder
102	0102.jpg	Silct_BigData	Filled
103	0103.jpg	Silct_BigData	Texture
104	0104.jpg	Silct_BigData	Boulder
105	0105.jpg	Silct_BigData	Filled
106	0106.jpg	Silct_BigData	Texture
107	0107.jpg	Silct_BigData	Boulder
108	0108.jpg	Silct_BigData	Filled
109	0109.jpg	Silct_BigData	Texture
110	0110.jpg	Silct_BigData	Boulder
111	0111.jpg	Silct_BigData	Filled
112	0112.jpg	Silct_BigData	Texture
113	0113.jpg	Silct_BigData	Boulder
114	0114.jpg	Silct_BigData	Filled
115	0115.jpg	Silct_BigData	Texture
116	0116.jpg	Silct_BigData	Boulder
117	0117.jpg	Silct_BigData	Filled
118	0118.jpg	Silct_BigData	Texture
119	0119.jpg	Silct_BigData	Boulder
120	0120.jpg	Silct_BigData	Filled
121	0121.jpg	Silct_BigData	Texture
122	0122.jpg	Silct_BigData	Boulder
123	0123.jpg	Silct_BigData	Filled
124	0124.jpg	Silct_BigData	Texture
125	0125.jpg	Silct_BigData	Boulder
126	0126.jpg	Silct_BigData	Filled
127	0127.jpg	Silct_BigData	Texture
128	0128.jpg	Silct_BigData	Boulder
129	0129.jpg	Silct_BigData	Filled
130	0130.jpg	Silct_BigData	Texture
131	0131.jpg	Silct_BigData	Boulder
132	0132.jpg	Silct_BigData	Filled
133	0133.jpg	Silct_BigData	Texture
134	0134.jpg	Silct_BigData	Boulder
135	0135.jpg	Silct_BigData	Filled
136	0136.jpg	Silct_BigData	Texture
137	0137.jpg	Silct_BigData	Boulder
138	0138.jpg	Silct_BigData	Filled
139	0139.jpg	Silct_BigData	Texture
140	0140.jpg	Silct_BigData	Boulder
141	0141.jpg	Silct_BigData	Filled
142	0142.jpg	Silct_BigData	Texture
143	0143.jpg	Silct_BigData	Boulder
144	0144.jpg	Silct_BigData	Filled
145	0145.jpg	Silct_BigData	Texture
146	0146.jpg	Silct_BigData	Boulder
147	0147.jpg	Silct_BigData	Filled
148	0148.jpg	Silct_BigData	Texture
149	0149.jpg	Silct_BigData	Boulder
150	0150.jpg	Silct_BigData	Filled
151	0151.jpg	Silct_BigData	Texture
152	0152.jpg	Silct_BigData	Boulder
153	0153.jpg	Silct_BigData	Filled
154	0154.jpg	Silct_BigData	Texture
155	0155.jpg	Silct_BigData	Boulder
156	0156.jpg	Silct_BigData	Filled
157	0157.jpg	Silct_BigData	Texture
158	0158.jpg	Silct_BigData	Boulder
159	0159.jpg	Silct_BigData	Filled
160	0160.jpg	Silct_BigData	Texture
161	0161.jpg	Silct_BigData	Boulder
162	0162.jpg	Silct_BigData	Filled
163	0163.jpg	Silct_BigData	Texture
164	0164.jpg	Silct_BigData	Boulder
165	0165.jpg	Silct_BigData	Filled
166	0166.jpg	Silct_BigData	Texture
167	0167.jpg	Silct_BigData	Boulder
168	0168.jpg	Silct_BigData	Filled
169	0169.jpg	Silct_BigData	Texture
170	0170.jpg	Silct_BigData	Boulder
171	0171.jpg	Silct_BigData	Filled
172	0172.jpg	Silct_BigData	Texture
173	0173.jpg	Silct_BigData	Boulder
174	0174.jpg	Silct_BigData	Filled
175	0175.jpg	Silct_BigData	Texture
176	0176.jpg	Silct_BigData	Boulder
177	0177.jpg	Silct_BigData	Filled
178	0178.jpg	Silct_BigData	Texture
179	0179.jpg	Silct_BigData	Boulder
180	0180.jpg	Silct_BigData	Filled
181	0181.jpg	Silct_BigData	Texture
182	0182.jpg	Silct_BigData	Boulder
183	0183.jpg	Silct_BigData	Filled
184	0184.jpg	Silct_BigData	Texture
185	0185.jpg	Silct_BigData	Boulder
186	0186.jpg	Silct_BigData	Filled
187	0187.jpg	Silct_BigData	Texture
188	0188.jpg	Silct_BigData	Boulder
189	0189.jpg	Silct_BigData	Filled
190	0190.jpg	Silct_BigData	Texture
191	0191.jpg	Silct_BigData	Boulder
192	0192.jpg	Silct_BigData	Filled
193	0193.jpg	Silct_BigData	Texture
194	0194.jpg	Silct_BigData	Boulder
195	0195.jpg	Silct_BigData	Filled
196	0196.jpg	Silct_BigData	Texture
197	0197.jpg	Silct_BigData	Boulder
198	0198.jpg	Silct_BigData	Filled
199	0199.jpg	Silct_BigData	Texture
200	0200.jpg	Silct_BigData	Boulder
201	0201.jpg	Silct_BigData	Filled
202	0202.jpg	Silct_BigData	Texture
203	0203.jpg	Silct_BigData	Boulder
204	0204.jpg	Silct_BigData	Filled
205	0205.jpg	Silct_BigData	Texture
206	0206.jpg	Silct_BigData	Boulder
207	0207.jpg	Silct_BigData	Filled
208	0208.jpg	Silct_BigData	Texture
209	0209.jpg	Silct_BigData	Boulder
210	0210.jpg	Silct_BigData	Filled
211	0211.jpg	Silct_BigData	Texture
212	0212.jpg	Silct_BigData	Boulder
213	0213.jpg	Silct_BigData	Filled
214	0214.jpg	Silct_BigData	Texture
215	0215.jpg	Silct_BigData	Boulder
216	0216.jpg	Silct_BigData	Filled
217	0217.jpg	Silct_BigData	Texture
218	0218.jpg	Silct_BigData	Boulder
219	0219.jpg	Silct_BigData	Filled
220	0220.jpg	Silct_BigData	Texture
221	0221.jpg	Silct_BigData	Boulder
222	0222.jpg	Silct_BigData	Filled
223	0223.jpg	Silct_BigData	Texture
224	0224.jpg	Silct_BigData	Boulder
225	0225.jpg	Silct_BigData	Filled
226	0226.jpg	Silct_BigData	Texture
227	0227.jpg	Silct_BigData	Boulder
228	0228.jpg	Silct_BigData	Filled
229	0229.jpg	Silct_BigData	Texture
230	0230.jpg	Silct_BigData	Boulder
231	0231.jpg	Silct_BigData	Filled
232	0232.jpg	Silct_BigData	Texture
233	0233.jpg	Silct_BigData	Boulder
234	0234.jpg	Silct_BigData	Filled
235	0235.jpg	Silct_BigData	Texture
236	0236.jpg	Silct_BigData	Boulder
237	0237.jpg	Silct_BigData	Filled
238	0238.jpg	Silct_BigData	Texture
239	0239.jpg	Silct_BigData	Boulder
240	0240.jpg	Silct_BigData	Filled
241	0241.jpg	Silct_BigData	Texture
242	0242.jpg	Silct_BigData	Boulder
243	0243.jpg	Silct_BigData	Filled
244	0244.jpg	Silct_BigData	Texture
245	0245.jpg	Silct_BigData	Boulder
246	0246.jpg	Silct_BigData	Filled
247	0247.jpg	Silct_BigData	Texture
248	0248.jpg	Silct_BigData	Boulder
249	0249.jpg	Silct_BigData	Filled
250	0250.jpg	Silct_BigData	Texture
251	0251.jpg	Silct_BigData	Boulder
252	0252.jpg	Silct_BigData	Filled
253	0253.jpg	Silct_BigData	Texture
254	0254.jpg	Silct_BigData	Boulder
255	0255.jpg	Silct_BigData	Filled
256	0256.jpg	Silct_BigData	Texture
257	0257.jpg	Silct_BigData	Boulder
258	0258.jpg	Silct_BigData	Filled
259	0259.jpg	Silct_BigData	Texture
260	0260.jpg	Silct_BigData	Boulder
261	0261.jpg	Silct_BigData	Filled
262	0262.jpg	Silct_BigData	Texture
263	0263.jpg	Silct_BigData	Boulder
264	0264.jpg	Silct_BigData	Filled
265	0265.jpg	Silct_BigData	Texture
266	0266.jpg	Silct_BigData	Boulder
267	0267.jpg	Silct_BigData	Filled
268	0268.jpg	Silct_BigData	Texture
269	0269.jpg	Silct_BigData	Boulder
270	0270.jpg	Silct_BigData	Filled
271	0271.jpg	Silct_BigData	Texture
272	0272.jpg	Silct_BigData	Boulder
273	0273.jpg	Silct_BigData	Filled
274	0274.jpg	Silct_BigData	Texture
275	0275.jpg	Silct_BigData	Boulder
276	0276.jpg	Silct_BigData	Filled
277	0277.jpg	Silct_BigData	Texture
278	0278.jpg	Silct_BigData	Boulder
279	0279.jpg	Silct_BigData	Filled
280	0280.jpg	Silct_BigData	Texture
281	0281.jpg	Silct_BigData	Boulder
282	0282.jpg	Silct_BigData	Filled
283	0283.jpg	Silct_BigData	Texture
284	0284.jpg	Silct_BigData	Boulder
285	0285.jpg	Silct_BigData	Filled
286	0286.jpg	Silct_BigData	Texture
287	0287.jpg	Silct_BigData	Boulder
288	0288.jpg	Silct_BigData	Filled
289	0289.jpg	Silct_BigData	Texture
290	0290.jpg	Silct_BigData	Boulder
291	0291.jpg	Silct_BigData	Filled
292	0292.jpg	Silct_BigData	Texture
293	0293.jpg	Silct_BigData	Boulder
294	0294.jpg	Silct_BigData	Filled
295	0295.jpg	Silct_BigData	Texture
296	0296.jpg	Silct_BigData	Boulder
297	0297.jpg	Silct_BigData	Filled
298	0298.jpg	Silct_BigData	Texture
299	0299.jpg	Silct_BigData	Boulder
300	0300.jpg	Silct_BigData	Filled
301	0301.jpg	Silct_BigData	Texture
302	0302.jpg	Silct_BigData	Boulder
303	0303.jpg	Silct_BigData	Filled
304	0304.jpg	Silct_BigData	Texture
305	0305.jpg	Silct_BigData	Boulder
306	0306.jpg	Silct_BigData	Filled
307	0307.jpg	Silct_BigData	Texture
308	0308.jpg	Silct_BigData	Boulder
309	0309.jpg	Silct_BigData	Filled
310	0310.jpg	Silct_BigData	Texture
311	0311.jpg	Silct_BigData	Boulder
312	0312.jpg	Silct_BigData	Filled
313	0313.jpg	Silct_BigData	Texture
314	0314.jpg	Silct_BigData	Boulder
315	0315.jpg	Silct_BigData	Filled
316	0316.jpg	Silct_BigData	Texture
317	0317.jpg	Silct_BigData	Boulder
318	0318.jpg	Silct_BigData	Filled
319	0319.jpg	Silct_BigData	Texture
320	0320.jpg	Silct_BigData	Boulder
321	0321.jpg	Silct_BigData	Filled
322	0322.jpg	Silct_BigData	Texture
323	0323.jpg	Silct_BigData	Boulder
324	0324.jpg	Silct_BigData	Filled
325	0325.jpg	Silct_BigData	Texture
326	0326.jpg	Silct_BigData	Boulder
327	0327.jpg	Silct_BigData	Filled
328	0328.jpg	Silct_BigData	Texture
329	0329.jpg	Silct_BigData	Boulder
330	0330.jpg	Silct_BigData	Filled
331	0331.jpg	Silct_BigData	Texture
332	0332.jpg	Silct_BigData	Boulder
333	0333.jpg	Silct_BigData	Filled
334	0334.jpg	Silct_BigData	Texture
335	0335.jpg	Silct_BigData	Boulder
336	0336.jpg	Silct_BigData	Filled
337	0337.jpg	Silct_BigData	Texture
338	0338.jpg	Silct_BigData	Boulder
339	0339.jpg	Silct_BigData	Filled
340	0340.jpg	Silct_BigData	Texture
341	0341.jpg	Silct_BigData	Boulder
342	0342.jpg	Silct_BigData	Filled
343	0343.jpg	Silct_BigData	Texture
344	0344.jpg	Silct_BigData	Boulder
345	0345.jpg	Silct_BigData	Filled
346	0346.jpg	Silct_BigData	Texture
347	0347.jpg	Silct_BigData	Boulder
348	0348.jpg	Silct_BigData	Filled
349	0349.jpg	Silct_BigData	Texture
350	0350.jpg	Silct_BigData	Boulder
351	0351.jpg	Silct_BigData	Filled
352	0352.jpg	Silct_BigData	Texture
353	0353.jpg	Silct_BigData	Boulder
354	0354.jpg	Silct_BigData	Filled
355	0355.jpg	Silct_BigData	Texture
356	0356.jpg	Silct_BigData	Boulder
357	0357.jpg	Silct_BigData	Filled
358	0358.jpg	Silct_BigData	Texture
359	0359.jpg	Silct_BigData	Boulder
360	0360.jpg	Silct_BigData	Filled
361	0361.jpg	Silct_BigData	Texture
362	0362.jpg	Silct_BigData	Boulder
363	0363.jpg	Silct_BigData	Filled
364	0364.jpg	Silct_BigData	Texture
365	0365.jpg	Silct_BigData	Boulder
366	0366.jpg	Silct_BigData	Filled
367	0367.jpg	Silct_BigData	Texture
368	0368.jpg	Silct_BigData	Boulder
369	0369.jpg	Silct_BigData	Filled
370	0370.jpg	Silct_BigData	Texture
371	0371.jpg	Silct_BigData	Boulder
372	0372.jpg	Silct_BigData	Filled
373	0373.jpg	Silct_BigData	Texture
374	0374.jpg	Silct_BigData	Boulder
375	0375.jpg	Silct_BigData	Filled
376	0376.jpg	Silct_BigData	Texture
377	0377.jpg	Silct_BigData	Boulder
378	0378.jpg	Silct_BigData	Filled
379	0379.jpg	Silct_BigData	Texture
380	0380.jpg	Silct_BigData	Boulder
381	0381.jpg	Silct_BigData	Filled
382	0382.jpg	Silct_BigData	Texture
383	0383.jpg	Silct_BigData	Boulder
384	0384.jpg	Silct_BigData	Filled
385	0385.jpg	Silct_BigData	Texture
386	0386.jpg	Silct_BigData	Boulder
387	0387.jpg	Silct_BigData	Filled
388	0388.jpg	Silct_BigData	Texture
389	0389.jpg	Silct_BigData	Boulder
390	0390.jpg	Silct_BigData	Filled
391	0391.jpg	Silct_BigData	Texture
392	0392.jpg	Silct_BigData	Boulder
393	0393.jpg	Silct_BigData	Filled
394	0394.jpg	Silct_BigData	Texture
395	0395.jpg	Silct_BigData	Boulder
396	0396.jpg	Silct_BigData	Filled
397	0397.jpg	Silct_BigData	Texture
398	0398.jpg	Silct_BigData	Boulder
399	0399.jpg	Silct_BigData	Filled
400	0400.jpg	Silct_BigData	Texture
401	0401.jpg	Silct_BigData	Boulder
402	0402.jpg	Silct_BigData	Filled
403	0403.jpg	Silct_BigData	Texture
404	0404.jpg	Silct_BigData	Boulder
405	0405.jpg	Silct_BigData	Filled
406	0406.jpg	Silct_BigData	Texture
407	0407.jpg	Silct_BigData	Boulder
408	0408.jpg	Silct_BigData	Filled
409	0409.jpg	Silct_BigData	Texture
410	0410.jpg	Silct_BigData	Boulder
411	0411.jpg	Silct_BigData	Filled
412	0412.jpg	Silct_BigData	Texture
413	0413.jpg	Silct_BigData	Boulder
414	0414.jpg	Silct_BigData	Filled
415	0415.jpg	Silct_BigData	Texture
416	0416.jpg	Silct_BigData	Boulder
417	0417.jpg	Silct_BigData	Filled
418	0418.jpg	Silct_BigData	Texture
419	0419.jpg	Silct_BigData	Boulder
420	0420.jpg	Silct_BigData	Filled
421	0421.jpg	Silct_BigData	Texture
422	0422.jpg	Silct_BigData	Boulder
423	0423.jpg	Silct_BigData	Filled
424	0424.jpg	Silct_BigData	Texture
425	0425.jpg	Silct_BigData	Boulder
426	0426.jpg	Silct_BigData	Filled
427	0427.jpg	Silct_BigData	Texture
428	0428.jpg	Silct_BigData	Boulder
429	0429.jpg	Silct_BigData	Filled
430	0430.jpg	Silct_BigData	Texture
431	0431.jpg	Silct_BigData	Boulder
432	0432.jpg	Silct_BigData	Filled
433	0433.jpg	Silct_BigData	Texture
434	0434.jpg	Silct_BigData	Boulder
435	0435.jpg	Silct_BigData	Filled
436	0436.jpg	Silct_BigData	Texture
437	0437.jpg	Silct_BigData	Boulder
438	0438.jpg	Silct_BigData	Filled
439	0439.jpg	Silct_BigData	Texture
440	0440.jpg	Silct_BigData	Boulder
441	0441.jpg	Silct_BigData	Filled
442	0442.jpg	Silct_BigData	Texture
443	0443.jpg	Silct_BigData	Boulder
444	0444.jpg	Silct_BigData	Filled
445	0445.jpg	Silct_BigData	Texture
446	0446.jpg	Silct_BigData	Boulder
447	0447.jpg	Silct_BigData	Filled
448	0448.jpg	Silct_BigData	Texture
449	0449.jpg	Silct_BigData	Boulder
450	0450.jpg	Silct_BigData	Filled
451	0451.jpg	Silct_BigData	Texture
452	0452.jpg	Silct_BigData	Boulder
453	0453.jpg	Silct_BigData	Filled
454	0454.jpg	Silct_BigData	Texture
455	0455.jpg	Silct_BigData	Boulder
456	0456.jpg	Silct_BigData	Filled
457	0457.jpg	Silct_BigData	Texture
458	0458.jpg	Silct_BigData	Boulder
459	0459.jpg	Silct_BigData	Filled
460	0460.jpg	Silct_BigData	Texture
461	0461.jpg	Silct_BigData	Boulder
462	0462.jpg	Silct_BigData	Filled
463	0463.jpg	Silct_BigData	Texture
464	0464.jpg	Silct_BigData	Boulder
465	0465.jpg	Silct_BigData	Filled
466	0466.jpg	Silct_BigData	Texture
467	0467.jpg	Silct_BigData	Boulder
468	0468.jpg	Silct_BigData	Filled
469	0469.jpg	Silct_BigData	Texture
470	0470.jpg	Silct_BigData	Boulder
471	0471.jpg	Silct_BigData	Filled
472	0472.jpg	Silct_BigData	Texture
473	0473.jpg	Silct_BigData	Boulder
474	0474.jpg	Silct_BigData	Filled
475	0475.jpg	Silct_BigData	Texture
476	0476.jpg	Silct_BigData	Boulder
477	0477.jpg	Silct_BigData	Filled
478	0478.jpg	Silct_BigData	Texture
479	0479.jpg	Silct_BigData	Boulder
480	0480.jpg	Silct_BigData	Filled
481	0481.jpg	Silct_BigData	Texture
482	0482.jpg	Silct_BigData	Boulder
483	0483.jpg	Silct_BigData	Filled
484	0484.jpg	Silct_BigData	Texture
485	0485.jpg	Silct_BigData	Boulder
486	0486.jpg	Silct_BigData	Filled
487	0487.jpg	Silct_BigData	Texture
488	0488.jpg	Silct_BigData	Boulder
489	0489.jpg	Silct_BigData	Filled
490	0490.jpg	Silct_BigData	Texture
491	0491.jpg	Silct_BigData	Boulder
492	0492.jpg	Silct_BigData	Filled
493	0493.jpg	Silct_BigData	Texture
494	0494.jpg	Silct_BigData	Boulder
495	0495.jpg	Silct_BigData	Filled
496	0496.jpg	Silct_BigData	Texture
497	0497.jpg	Silct_BigData	Boulder
498	0498.jpg	Silct_BigData	Filled
499	0499.jpg	Silct_BigData	Texture
500	0500.jpg	Silct_BigData	Boulder
501	0501.jpg	Silct_BigData	Filled
502	0502.jpg	Silct_BigData	Texture
503	0503.jpg	Silct_BigData	Boulder
504	0504.jpg	Silct_BigData	Filled
505	0505.jpg	Silct_BigData	Texture
506	0506.jpg	Silct_BigData	Boulder
507	0507.jpg	Silct_BigData	Filled
508	0508.jpg	Silct_BigData	Texture
509	0509.jpg	Silct_BigData	Boulder
510	0510.jpg	Silct_BigData	Filled
511	0511.jpg	Silct_BigData	Texture
512	0512.jpg	Silct_BigData	Boulder
513	0513.jpg	Silct_BigData	Filled
514	0514.jpg	Silct_BigData	Texture
515	0515.jpg	Silct_BigData	Boulder
516	0516.jpg	Silct_BigData	Filled
517	0517.jpg	Silct_BigData	Texture
518	0518.jpg	Silct_BigData	Boulder
519	0519.jpg	Silct_BigData	Filled
520	0520.jpg	Silct_BigData	Texture
521	0521.jpg	Silct_BigData	Boulder
522	0522.jpg	Silct_BigData	Filled
523	0523.jpg	Silct_BigData	Texture
524	0524.jpg	Silct_BigData	Boulder
525	0525.jpg	Silct_BigData	Filled
526	0526.jpg	Silct_BigData	Texture
527	0527.jpg	Silct_BigData	Boulder
528	0528.jpg	Silct_BigData	Filled
529	0529.jpg	Silct_BigData	Texture
530	0530.jpg	Silct_BigData	Boulder
531	0531.jpg	Silct_BigData	Filled
532	0532.jpg	Silct_BigData	Texture
533	0533.jpg	Silct_BigData	Boulder
534	0534.jpg	Silct_BigData	Filled
535	0535.jpg	Silct_BigData	Texture
536	0536.jpg	Silct_BigData	Boulder
537	0537.jpg	Silct_BigData	Filled
538	0538.jpg	Silct_BigData	Texture
539	0539.jpg	Silct_BigData	Boulder
540	0540.jpg	Silct_BigData	Filled
541	0541.jpg	Silct_BigData	Texture
542	0542.jpg	Silct_BigData	Boulder
543	0543.jpg	Silct_BigData	Filled
544	0544.jpg	Silct_BigData	Texture
545	0545.jpg	Silct_BigData	Boulder
546	0546.jpg	Silct_BigData	Filled
547	0547.jpg	Silct_BigData	Texture
548	0548.jpg	Silct_BigData	Boulder
549	0549.jpg	Silct_BigData	Filled
550	0550.jpg	Silct_BigData	Texture
551	0551.jpg	Silct_BigData	Boulder
552	0552.jpg	Silct_BigData	Filled
553	0553.jpg	Silct_BigData	Texture
554	0554.jpg	Silct_BigData	Boulder
555	0555.jpg	Silct_BigData	Filled
556	0556.jpg	Silct_BigData	Texture
557	0557.jpg	Silct_BigData	Boulder
558	0558.jpg	Silct_BigData	Filled
559	0559.jpg	Silct_BigData	Texture
560	0560.jpg	Silct_BigData	Boulder
561	0561.jpg	Silct_BigData	Filled
562	0562.jpg	Silct_BigData	Texture
563	0563.jpg	Silct_BigData	Boulder
564	0564.jpg	Silct_BigData	Filled
565	0565.jpg	Silct_BigData	Texture
566	0566.jpg	Silct_BigData	Boulder
567	0567.jpg	Silct_BigData	Filled
568	0568.jpg	Silct_BigData	Texture
569	0569.jpg	Silct_BigData	Boulder
570	0570.jpg	Silct_BigData	Filled
571	0571.jpg	Silct_BigData	Texture
572	0572.jpg	Silct_BigData	Boulder
573	0573.jpg	Silct_BigData	Filled
574	0574.jpg	Silct_BigData	Texture
575	0575.jpg	Silct_BigData	Boulder
576	0576.jpg	Silct_BigData	Filled
577	0577.jpg	Silct_BigData	Texture
578	0578.jpg	Silct_BigData	Boulder
579	0579.jpg	Silct_BigData	Filled
580	0580.jpg	Silct_BigData	Texture
581	0581.jpg	Silct_BigData	Boulder
582	0582.jpg	Silct_BigData	Filled
583	0583.jpg	Silct_BigData	Texture
584	0584.jpg	Silct_BigData	Boulder
585	0585.jpg	Silct_BigData	Filled
586	0586.jpg	Silct_BigData	Texture
587	0587.jpg	Silct_BigData	Boulder
588	0588.jpg	Silct_BigData	Filled
589	0589.jpg	Silct_BigData	Texture
590	0590.jpg	Silct_BigData	Boulder
591	0591.jpg	Silct_BigData	Filled
592	0592.jpg	Silct_BigData	Texture
593	0593.jpg	Silct_BigData	Boulder
594	0594.jpg	Silct_BigData	Filled
595	0595.jpg	Silct_BigData	Texture
596	0596.jpg	Silct_BigData	Boulder
597	0597.jpg	Silct_BigData	Filled
598	0598.jpg	Silct_BigData	Texture
599	0599.jpg	Silct_BigData	Boulder
600	0600.jpg	Silct_BigData	Filled
601	0601.jpg	Silct_BigData	Texture
602	0602.jpg	Silct_BigData	Boulder
603	0603.jpg	Silct_BigData	Filled
604	0604.jpg	Silct_BigData	Texture
605	0605.jpg	Silct_BigData	Boulder
606	0606.jpg	Silct_BigData	Filled
607	0607.jpg	Silct_BigData	Texture
608	0608.jpg	Silct_BigData	Boulder
609	0609.jpg	Silct_BigData	Filled
610	0610.jpg	Silct_BigData	Texture
611	0611.jpg	Silct_BigData	Boulder
612	0612.jpg	Silct_BigData	Filled
613	0613.jpg	Silct_BigData	Texture
614	0614.jpg	Silct_BigData	Boulder
615	0615.jpg	Silct_BigData	Filled
616	0616.jpg	Silct_BigData	Texture
617	0617.jpg	Silct_BigData	Boulder
618	0618.jpg	Silct_BigData	Filled
619	0619.jpg	Silct_BigData	Texture
620	0620.jpg	Silct_BigData	Boulder
621	0621.jpg	Silct_BigData	Filled
622	0622.jpg	Silct_BigData	Texture
623	0623.jpg	Silct_BigData	Boulder
624	0624.jpg	Silct_BigData	Filled
625	0625.jpg	Silct_BigData	Texture
626	0626.jpg	Silct_BigData	Boulder
627	0627.jpg	Silct_BigData	Filled
628	0628.jpg	Silct_BigData	Texture
629	0629.jpg	Silct_BigData	Boulder
630	0630.jpg	Silct_BigData	Filled
631	0631.jpg	Silct_BigData	Texture
632	0632.jpg	Silct_BigData	Boulder
633	0633.jpg	Silct_BigData	Filled
634	0634.jpg	Silct_BigData	Texture
635	0635.jpg	Silct_BigData	Boulder
636	0636.jpg	Silct_BigData	Filled
637	0637.jpg	Silct_BigData	Texture
638	0638.jpg	Silct_BigData	Boulder
639	0639.jpg	Silct_BigData	Filled
640	0640.jpg	Silct_BigData	Texture
641	0641.jpg	Silct_BigData	Boulder
642	0642.jpg	Silct_BigData	Filled
643	0643.jpg	Silct_BigData	Texture
644	0644.jpg	Silct_BigData	Boulder
645	0645.jpg	Silct_BigData	Filled
646	0646.jpg	Silct_BigData	Texture
647	0647.jpg	Silct_BigData	Boulder
648	0648.jpg	Silct_BigData	Filled
649	0649.jpg	Silct_BigData	Texture
650	0650.jpg	Silct_BigData	Boulder
651	0651.jpg	Silct_BigData	Filled
652	0652.jpg	Silct_BigData	Texture
653	0653.jpg	Silct_BigData	Boulder
654	0654.jpg	Silct_BigData	Filled
655	0655.jpg	Silct_BigData	Texture
656	0656.jpg	Silct_BigData	Boulder
657	0657.jpg	Silct_BigData	Filled
658	0658.jpg	Silct_BigData	Texture
659	0659.jpg	Silct_BigData	Boulder
660	0660.jpg	Silct_BigData	Filled
661	0661.jpg	Silct_BigData	Texture
662	0662.jpg	Silct_BigData	Boulder
663	0663.jpg	Silct_BigData	Filled
664	0664.jpg	Silct_BigData	Texture
665	0665.jpg	Silct_BigData	Boulder
666	0666.jpg	Silct_BigData	Filled
667	0667.jpg	Silct_BigData	Texture
668	0668.jpg	Silct_BigData	Boulder
669	0669.jpg	Silct_BigData	Filled
670	0670.jpg	Silct_BigData	Texture
671	0671.jpg	Silct_BigData	Boulder
672	0672.jpg	Silct_BigData	Filled
673	0673.jpg	Silct_BigData	Texture
674	0674.jpg	Silct_BigData	Boulder
675	0675.jpg	Silct_BigData	Filled
676	0676.jpg	Silct_BigData	Texture
677	0677.jpg	Silct_BigData	Boulder
678	0678.jpg	Silct_BigData	Filled
679	0679.jpg	Silct_BigData	Texture
680	0680.jpg	Silct_BigData	Boulder
681	0681.jpg	Silct_BigData	Filled
682	0682.jpg	Silct_BigData	Texture
683	0683.jpg	Silct_BigData	Boulder
684	0684.jpg	Silct_BigData	Filled
685	0685.jpg	Silct_BigData	Texture
686	0686.jpg	Silct_BigData	Boulder
687	0687.jpg	Silct_BigData	Filled
688	0688.jpg	Silct_BigData	Texture
689	0689.jpg	Silct_BigData	Boulder
690	0690.jpg	Silct_BigData	Filled
691	0691.jpg	Silct_BigData	Texture
692	0692.jpg	Silct_BigData	Boulder
693	0693.jpg	Silct_BigData	Filled
694	0694.jpg	Silct_BigData	Texture
695	0695.jpg	Silct_BigData	Boulder
696	0696.jpg	Silct_BigData	Filled
697	0697.jpg	Silct_BigData	Texture
698	0698.jpg	Silct_BigData	Boulder
699	0699.jpg	Silct_BigData	Filled
700	0700.jpg	Silct_BigData	Texture
701	0701.jpg	Silct_BigData	Boulder
702	0702.jpg	Silct_BigData	Filled
703	0703.jpg	Silct_BigData	Texture
704	0704.jpg	Silct_BigData	Boulder
705	0705.jpg	Silct_BigData	Filled
706	0706.jpg	Silct_BigData	Texture
707	0707.jpg	Silct_BigData	Boulder
708	0708.jpg	Silct_BigData	Filled
709	0709.jpg	Silct_BigData	Texture
710	0710.jpg	Silct_BigData	Boulder
711	0711.jpg	Silct_BigData	Filled
712	0712.jpg	Silct_BigData	Texture
713	0713.jpg	Silct_BigData	Boulder
714	0714.jpg	Silct_BigData	Filled
715	0715.jpg	Silct_BigData	Texture
716	0716.jpg	Silct_BigData	Boulder
717	0717.jpg	Silct_BigData	Filled
718	0718.jpg	Silct_BigData	Texture
719	0719.jpg	Silct_BigData	Boulder
720	0720.jpg	Silct_BigData	Filled
721	0721.jpg	Silct_BigData	Texture
722	0722.jpg	Silct_BigData	Boulder
723	0723.jpg	Silct_BigData	Filled
724	0724.jpg	Silct_BigData	Texture
725	0725.jpg	Silct_BigData	Boulder
726	0726.jpg	Silct_BigData	Filled
727	0727.jpg	Silct_BigData	Texture
728	0728.jpg	Silct_BigData	Boulder
729	0729.jpg	Silct_BigData	Filled
730	0730.jpg	Silct_BigData	Texture
731	0731.jpg	Silct_BigData	Boulder
732	0732.jpg	Silct_BigData	Filled
733	0733.jpg	Silct_BigData	Texture
734	0734.jpg	Silct_BigData	Boulder
735	0735.jpg	Silct_BigData	Filled
736	0736.jpg	Silct_BigData	Texture
737	0737.jpg	Silct_BigData	Boulder
738	0738.jpg	Silct_BigData	Filled
739	0739.jpg	Silct_BigData	Texture
740	0740.jpg	Silct_BigData	Boulder
741	0741.jpg	Silct_BigData	Filled
742	0742.jpg	Silct_BigData	Texture
743	0743.jpg	Silct_BigData	Boulder
744	0744.jpg	Silct_BigData	Filled
745	0745.jpg	Silct_BigData	Texture
746	0746.jpg	Silct_BigData	Boulder
747	0747.jpg	Silct_BigData	Filled
748	0748.jpg	Silct_BigData	Texture
749	0749.jpg	Silct_BigData	Boulder
750	0750.jpg	Silct_BigData	Filled
751	0751.jpg	Silct_BigData	Texture
752	0752.jpg	Silct_BigData	Boulder
753	0753.jpg	Silct_BigData	Filled
754	0754.jpg	Silct_BigData	Texture
755	0755.jpg	Silct_BigData	Boulder
756	0756.jpg	Silct_BigData	Filled
757	0757.jpg	Silct_BigData	Texture
758	0758.jpg	Silct_BigData	Boulder
759	0759.jpg	Silct_BigData	Filled
760	0760.jpg	Silct_BigData	Texture
761	0761.jpg	Silct_BigData	Boulder
762	0762.jpg	Silct_BigData	Filled
763	0763.jpg	Silct_BigData	Texture
764	0764.jpg	Silct_BigData	Boulder
765	0765.jpg	Silct_BigData	Filled
766	0766.jpg	Silct_BigData	Texture
767	0767.jpg	Silct_BigData	Boulder
768	0768.jpg	Silct_BigData	Filled
769	0769.jpg	Silct_BigData	Texture
770	0770.jpg	Silct_BigData	Boulder
771	0771.jpg	Silct_BigData	Filled
772	0772.jpg	Silct_BigData	Texture
773	0773.jpg	Silct_BigData	Boulder
774	0774.jpg	Silct_BigData	Filled
775	0775.jpg	Silct_BigData	Texture
776	0776.jpg	Silct_BigData	Boulder
777	0777.jpg	Silct_BigData	Filled
778	0778.jpg	Silct_BigData	Texture
779	0779.jpg	Silct_BigData	Boulder
780	0780.jpg	Silct_BigData	Filled
781	0781.jpg	Silct_BigData	Texture
782	0782.jpg	Silct_BigData	Boulder
783	0783.jpg	Silct_BigData	Filled
784	0784.jpg	Silct_BigData	Texture
785	0785.jpg	Silct_BigData	Boulder
786	0786.jpg	Silct_BigData	Filled
787	0787.jpg	Silct_BigData	Texture
788	0788.jpg	Silct_BigData	Boulder
789	0789.jpg	Silct_BigData	Filled
790	0790.jpg	Silct_BigData	Texture
791	0791.jpg	Silct_BigData	Boulder
792	0792.jpg	Silct_BigData	Filled
793	0793.jpg	Silct_BigData	Texture
794	0794.jpg	Silct_BigData	Boulder
795	0795.jpg	Silct_BigData	Filled
796	0796.jpg	Silct_BigData	Texture
797	0797.jpg	Silct_BigData	Boulder
798	0798.jpg	Silct_BigData	Filled
799	0799.jpg	Silct_BigData	Texture
800	0800.jpg	Silct_BigData	Boulder
801	0801.jpg	Silct_BigData	Filled
802	0802.jpg	Silct_BigData	Texture
803	0803.jpg	Silct_BigData	Boulder
804	0804.jpg	Silct_BigData	Filled
805	0805.jpg	Silct_BigData	Texture
806	0806.jpg	Silct_BigData	Boulder
807	0807.jpg	Silct_BigData	Filled
808	0808.jpg	Silct_BigData	Texture
809	0809.jpg	Silct_BigData	Boulder
810	0810.jpg	Silct_BigData	Filled
811	0811.jpg	Silct_BigData	Texture
812	0812.jpg	Silct_BigData	Boulder
813	0813.jpg	Silct_BigData	Filled
814	0814.jpg	Silct_BigData	Texture
815	0815.jpg	Silct_BigData	Boulder
816	0816.jpg	Silct_BigData	Filled
817	0817.jpg	Silct_BigData	Texture
818	0818.jpg	Silct_BigData	Boulder
819	0819.jpg	Silct_BigData	Filled
820	0820.jpg	Silct_BigData	Texture
821	0821.jpg	Silct_BigData	Boulder
822	0822.jpg	Silct_BigData	Filled
823	0823.jpg	Silct_BigData	Texture
824	0824.jpg	Silct_BigData	Boulder
825	0825.jpg	Silct_BigData	Filled
826	0826.jpg	Silct_BigData	Texture
827	0827.jpg	Silct_BigData	Boulder
828	0828.jpg	Silct_BigData	Filled
829	0829.jpg	Silct_BigData	Texture
830	0830.jpg	Silct_BigData	Boulder
831	0831.jpg	Silct_BigData	Filled
832	0832.jpg	Silct_BigData	Texture
833	0833.jpg	Silct_BigData	Boulder
834	0834.jpg	Silct_BigData	Filled
835	0835.jpg	Silct_BigData	Texture
836	0836.jpg	Silct_BigData	Boulder
837	0837.jpg	Silct_BigData	Filled
838	0838.jpg	Silct_BigData	Texture
839	0839.jpg	Silct_BigData	Boulder
840	0840.jpg	Silct_BigData	Filled
841	0841.jpg	Silct_BigData	Texture
842	0842.jpg	Silct_BigData	Boulder
843	0843.jpg	Silct_BigData	Filled
844	0844.jpg	Silct_BigData	Texture
845	0845.jpg	Silct_BigData	Boulder
846	0846.jpg	Silct_BigData	Filled
847	0847.jpg	Silct_BigData	Texture
848	0848.jpg	Silct_BigData	Boulder
849	0849.jpg	Silct_BigData	Filled
850	0850.jpg	Silct_BigData	Texture
851	0851.jpg	Silct_BigData	Boulder
852	0852.jpg	Silct_BigData	Filled
853	0853.jpg	Silct_BigData	Texture
854	0854.jpg	Silct_BigData	Boulder
855	0855.jpg	Silct_BigData	Filled
856	0856.jpg	Silct_BigData	Texture
857	0857.jpg	Silct_BigData	Boulder
858	0858.jpg	Silct_BigData	Filled
859	0859.jpg	Silct_BigData	Texture
860	0860.jpg	Silct_BigData	Boulder
861	0861.jpg	Silct_BigData	Filled
862	0862.jpg	Silct_BigData	Texture
863	0863.jpg	Silct_BigData	Boulder
864	0864.jpg	Silct_BigData	Filled
865	0865.jpg	Silct_BigData	Texture
866	0866.jpg	Silct_BigData	Boulder
867	0867.jpg	Silct_BigData	Filled
868	0868.jpg	Silct_BigData	Texture
869	0869.jpg	Silct_BigData	Boulder
870	0870.jpg	Silct_BigData	Filled
871	0871.jpg	Silct_BigData	Texture
872	0872.jpg	Silct_BigData	Boulder
873	0873.jpg	Silct_BigData	Filled
874	0874.jpg	Silct_BigData	Texture
875	0875.jpg	Silct_BigData	Boulder
876	0876.jpg	Silct_BigData	Filled
877	0877.jpg	Silct_BigData	Texture
878	0878.jpg	Silct_BigData	Boulder
879	0879.jpg	Silct_BigData	Filled
880	0880.jpg	Silct_BigData	Texture
881	0881.jpg	Silct_BigData	Boulder
882	0882.jpg	Silct_BigData	Filled
883	0883.jpg	Silct_BigData	Texture
884	0884.jpg	Silct_BigData	Boulder
885	0885.jpg	Silct_BigData	Filled
886	0886.jpg	Silct_BigData	Texture
887	0887.jpg	Silct_BigData	Boulder
888	0888.jpg	Silct_BigData	Filled
889	0889.jpg	Silct_BigData	Texture
890	0890.jpg	Silct_BigData	Boulder
891	0891.jpg	Silct_BigData	Filled
892	0892.jpg	Silct_BigData	Texture
893	0893.jpg	Silct_BigData	Boulder
894	0894.jpg	Silct_BigData	Filled
895	0895.jpg	Silct_BigData	Texture
896	0896.jpg	Silct_BigData	Boulder
897	0897.jpg	Silct_BigData	Filled
898	0898.jpg	Silct_BigData	Texture
899	0899.jpg	Silct_BigData	Boulder
900	0900.jpg	Silct_BigData	Filled
901	0901.jpg	Silct_BigData	Texture
902	0902.jpg	Silct_BigData	Boulder
903	0903.jpg	Silct_BigData	Filled
904	0904.jpg	Silct_BigData	Texture
905	0905.jpg	Silct_BigData	Boulder
906	0906.jpg	Silct_BigData	Filled
907	0907.jpg	Silct_BigData	Texture
908	0908.jpg	Silct_BigData	Boulder
909	0909.jpg	Silct_BigData	Filled
910	0910.jpg	Silct_BigData	Texture
911	0911.jpg	Silct_BigData	Boulder
912	0912.jpg	Silct_BigData	Filled
913	0913.jpg	Silct_BigData	Texture
914	0914.jpg	Silct_BigData	Boulder
915	0915.jpg	Silct_BigData	Filled
916	0916.jpg	Silct_BigData	Texture
917	0917.jpg	Silct_BigData	Boulder
918	0918.jpg	Silct_BigData	Filled
919	0919.jpg	Silct_BigData	Texture
920	0920.jpg	Silct_BigData	Boulder
921	0921.jpg	Silct_BigData	Filled
922	0922.jpg	Silct_BigData	Texture
923	0923.jpg	Silct_BigData	Boulder
924	0924.jpg	Silct_BigData	Filled
925	0925.jpg	Silct_BigData	Texture
926	0926.jpg	Silct_BigData	Boulder
927	0927.jpg	Silct_BigData	Filled
928	0928.jpg	Silct_BigData	Texture
929	0929.jpg	Silct_BigData	Boulder
930	0930.jpg	Silct_BigData	Filled
931	0931.jpg	Silct_BigData	Texture
932	0932.jpg	Silct_BigData	Boulder
933	0933.jpg	Silct_BigData	Filled
934	0934.jpg	Silct_BigData	Texture
935	0935.jpg	Silct_BigData	Boulder
936	0936.jpg	Silct_BigData	Filled
937	0937.jpg	Silct_BigData	Texture
938	0938.jpg	Silct_BigData	Boulder
939	0939.jpg	Silct_BigData	Filled
940	0940.jpg	Silct_BigData	Texture
941	0941.jpg	Silct_BigData	Boulder
942	0942.jpg	Silct_BigData	Filled
943	0943.jpg	Silct_BigData	Texture
944	0944.jpg	Silct_BigData	Boulder
945	0945.jpg	Silct_BigData	Filled
946	0946.jpg	Silct_BigData	Texture
947	0947.jpg	Silct_BigData	Boulder
948	0948.jpg	Silct_BigData	Filled
949	0949.jpg	Silct_BigData	Texture
950	0950.jpg	Silct_BigData	Boulder
951	0951.jpg	Silct_BigData	Filled
952	0952.jpg	Silct_BigData	Texture
953	0953.jpg	Silct_BigData	Boulder
954	0954.jpg	Silct_BigData	Filled
955	0955.jpg	Silct_BigData	Texture
956	0956.jpg	Silct_BigData	Boulder
957	0957.jpg	Silct_BigData	Filled
958	0958.jpg	Silct_BigData	Texture
959	0959.jpg	Silct_BigData	Boulder
960	0960.jpg	Silct_BigData	Filled
961	0961.jpg	Silct_BigData	Texture
962	0962.jpg	Silct_BigData	Boulder
963	0963.jpg	Silct_BigData	Filled
964	0964.jpg	Silct_BigData	Texture
965	0965.jpg	Silct_BigData	Boulder
966	0966.jpg	Silct_BigData	Filled
967	0967.jpg	Silct_BigData	Texture
968	0968.jpg	Silct_BigData	Boulder
969	0969.jpg	Silct_BigData	Filled
970	0970.jpg	Silct_BigData	Texture
971	0971.jpg	Silct_BigData	Boulder
972	0972.jpg	Silct_BigData	Filled
973	0973.jpg	Silct_BigData	Texture
974	0974.jpg	Silct_BigData	Boulder
975	0975.jpg	Silct_BigData	Filled
976	0976.jpg	Silct_BigData	Texture
977	0977.jpg	Silct_BigData	Boulder
978	0978.jpg	Silct_BigData	Filled
979	0979.jpg	Silct_BigData	Texture
980	0980.jpg	Silct_BigData	Boulder
981	0981.jpg	Silct_BigData	Filled
982	0982.jpg	Silct_BigData	Texture
983	0983.jpg	Silct_BigData	Boulder
984	0984.jpg	Silct_BigData	Filled
985	0985.jpg	Silct_BigData	Texture
986	0986.jpg	Silct_BigData	Boulder
987	0987.jpg	Silct_BigData	Filled
988	0988.jpg	Silct_BigData	Texture
989	0989.jpg	Silct_BigData	Boulder
990	0990.jpg	Silct_BigData	Filled
991	0991.jpg	Silct_BigData	Texture
992	0992.jpg	Silct_BigData	Boulder
993	0993.jpg	Silct_BigData	Filled
994	0994.jpg	Silct_BigData	Texture
995	0995.jpg	Silct_BigData	Boulder
996	0996.jpg	Silct_BigData	Filled
997	0997.jpg	Silct_BigData	Texture
998	0998.jpg	Silct_BigData	Boulder
999	0999.jpg	Silct_BigData	Filled
1000	1000.jpg	Silct_BigData	Texture
1001	1001.jpg	Silct_BigData	Boulder
1002	1002.jpg	Silct_BigData	Filled
1003	1003.jpg	Silct_BigData	Texture
1004	1004.jpg	Silct_BigData	Boulder
1005	1005.jpg	Silct_BigData	Filled
1006	1006.jpg	Silct_BigData	Texture
1007	1007.jpg	Silct_BigData	Boulder
1008	1008.jpg	Silct_BigData	Filled
1009	1009.jpg	Silct_BigData	Texture
1010	1010.jpg	Silct_BigData	Boulder
1011	1011.jpg	Silct_BigData	Filled
1012	1012.jpg	Silct_BigData	Texture
1013	1013.jpg	Silct_BigData	Boulder
1014	1014.jpg	Silct_BigData	Filled
1015	1015.jpg	Silct_BigData	Texture
1016	1016.jpg	Silct_BigData	Boulder
1017	1017.jpg	Silct_BigData	Filled
1018	1018.jpg	Silct_BigData	Texture
1019	1019.jpg	Silct_BigData	Boulder
1020	1020.jpg	Silct_BigData	Filled
1021	1021.jpg	Silct_BigData	Texture
1022	1022.jpg	Silct_BigData	Boulder
1023	1023.jpg	Silct_BigData	Filled
1024	1024.jpg	Silct_BigData	Texture
1025	1025.jpg	Silct_BigData	Boulder
1026	1026.jpg	Silct_BigData	Filled
1027	1027.jpg	Silct_BigData	Texture
1028	1028.jpg	Silct_BigData	Boulder
1029	1029.jpg	Silct_BigData	Filled
1030	1030.jpg	Silct_BigData	Texture
1031	1031.jpg	Silct_BigData	Boulder
1032	1032.jpg	Silct_BigData	Filled
1033	1033.jpg	Silct_BigData	Texture
1034	1034.jpg	Silct_BigData	Boulder
1035	1035.jpg	Silct_BigData	Filled
1036	1036.jpg	Silct_BigData	Texture
1037	1037.jpg	Silct_BigData	Boulder
1038	1038.jpg	Silct_BigData	Filled
1039	1039.jpg	Silct_BigData	Texture
1040	1040.jpg	Silct_BigData	Boulder
1041	1041.jpg	Silct_BigData	Filled
1042	1042.jpg	Silct_BigData	Texture
1043	1043.jpg	Silct_BigData	Boulder
1044	1044.jpg	Silct_BigData	Filled
1045	1045.jpg	Silct_BigData	Texture
1046	1046.jpg	Silct_BigData	Boulder
1047	1047.jpg	Silct_BigData	Filled
1048	1048.jpg	Silct_BigData	Texture
1049	1049.jpg	Silct_BigData	Boulder
1050	1050.jpg	Silct_BigData	Filled
1051	1051.jpg	Silct_BigData	Texture
1052	1052.jpg	Silct_BigData	Boulder
1053	1053.jpg	Silct_BigData	Filled
1054	1054.jpg	Silct_BigData	Texture
1055	1055.jpg	Silct_BigData	Boulder
1056	1056.jpg	Silct_BigData	Filled
1057	1057.jpg	Silct_BigData	Texture
1058	1058.jpg	Silct_BigData	Boulder
1059	1059.jpg	Silct_BigData	Filled
1060	1060.jpg	Silct_BigData	Texture
1061	1061.jpg	Silct_BigData	Boulder
1062	1062.jpg	Silct_BigData	Filled
1063	1063.jpg	Silct_BigData	Texture
1064	1064.jpg	Silct_BigData	Boulder
1065	1065.jpg	Silct_BigData	Filled
1066	1066.jpg	Silct_BigData	Texture
1067	1067.jpg	Silct_BigData	Boulder
1068	1068.jpg	Silct_BigData	Filled
1069	1069.jpg	Silct_BigData	Texture
1070	1070.jpg	Silct_BigData	Boulder
1071	1071.jpg	Silct_BigData	Filled
1072	1072.jpg	Silct_BigData	Texture
1073	1073.jpg	Silct_BigData	Boulder
1074	1074.jpg	Silct_BigData	Filled
1075	1075.jpg	Silct_BigData	Texture
1076	1076.jpg	Silct_BigData	Boulder
1077	1077.jpg	Silct_BigData	Filled
1078	1078.jpg	Silct_BigData	Texture
1079	1079.jpg	Silct_BigData	Boulder
1080	1080.jpg	Silct_BigData	Filled
1081	1081.jpg	Silct_BigData	Texture
1082	1082.jpg	Silct_BigData	Boulder
1083	1083.jpg	Silct_BigData	Filled
1084	1084.jpg	Silct_BigData	Texture
1085	1085.jpg	Silct_BigData	Boulder
1086	1086.jpg	Silct_BigData	Filled
1087	1087.jpg	Silct_BigData	Texture
1088	1088.jpg	Silct_BigData	Boulder
1089	1089.jpg	Silct_BigData	Filled
1090	1090.jpg	Silct_BigData	Texture
1091	1091.jpg	Silct_BigData	Boulder
1092	1092.jpg	Silct_BigData	Filled
1093	1093.jpg	Silct_BigData	Texture
1094	1094.jpg	Silct_BigData	Boulder
1095	1095.jpg	Silct_BigData	Filled
1096	1096.jpg	Silct_BigData	Texture
1097	1097.jpg	Silct_BigData	Boulder
1098	1098.jpg	Silct_BigData	Filled
1099	1099.jpg	Silct_BigData	Texture
1100	1100.jpg	Silct_BigData	Boulder
1101	1101.jpg	Silct_BigData	Filled
1102	1102.jpg	Silct_BigData	Texture
1103	1103.jpg	Silct_BigData	Boulder
1104	1104.jpg	Silct_BigData	Filled
1105	1105.jpg	Silct_BigData	Texture
1106	1106.jpg	Silct_BigData	Boulder
1107	1107.jpg	Silct_BigData	Filled
1108	1108.jpg	Silct_BigData	Texture
1109	1109.jpg	Silct_BigData	Boulder
1110	1110.jpg	Silct_BigData	Filled
1111	1111.jpg	Silct_BigData	Texture
1112	1112.jpg	Silct_BigData	Boulder
1113	1113.jpg	Silct_BigData	Filled
1114	1114.jpg	Silct_BigData	Texture
1115	1115.jpg	Silct_BigData	Boulder
1116	1116.jpg	Silct_BigData	Filled
1117	1117.jpg	Silct_BigData	Texture
1118	1118.jpg	Silct_BigData	Boulder
1119	1119.jpg	Silct_BigData	Filled
1120	1120.jpg	Silct_BigData	Texture
1121	1121.jpg	Silct_BigData	Boulder
1122	1122.jpg	Silct_BigData	Filled
1123	1123.jpg	Silct_BigData	Texture
1124	1124.jpg	Silct_BigData	Boulder
1125	1125.jpg	Silct_BigData	Filled
1126	1126.jpg	Silct_BigData	Texture
1127	1127.jpg	Silct_BigData	Boulder
1128	1128.jpg	Silct_BigData	Filled
1129	1129.jpg	Silct_BigData	Texture
1130	1130.jpg	Silct_BigData	Boulder
1131	1131.jpg	Silct_BigData	Filled
1132	1132.jpg	Silct_BigData	Texture
1133	1133.jpg	Silct_BigData	Boulder
1134	1134.jpg	Silct_BigData	Filled
1135	1135.jpg	Silct_BigData	Texture
1136	1136.jpg	Silct_BigData	Boulder
1137	1137.jpg	Silct_BigData	Filled
1138	1138.jpg	Silct_BigData	Texture
1139	1139.jpg	Silct_BigData	Boulder
1140	1140.jpg	Silct_BigData	Filled
1141	1141.jpg	Silct_BigData	Texture
1142	1142.jpg	Silct_BigData	Boulder
1143	1143.jpg	Silct_BigData	Filled
1144	1144.jpg	Silct_BigData	Texture
1145	1145.jpg	Silct_BigData	Boulder
1146	1146.jpg	Silct_BigData	Filled
1147	1147.jpg	Silct_BigData	Texture
1148	1148.jpg	Silct_BigData	Boulder
1149	1149.jpg	Silct_BigData	Filled
1150	1150.jpg	Silct_BigData	Texture
1151	1151.jpg	Silct_BigData	Boulder
1152	1152.jpg	Silct_BigData	Filled
1153	1153.jpg	Silct_BigData	Texture
1154	1154.jpg	Silct_BigData	Boulder
1155	1155.jpg	Silct_BigData	Filled
1156	1156.jpg	Silct_BigData	Texture
1157	1157.jpg	Silct_BigData	Boulder
1158	1158.jpg	Silct_BigData	Filled
1159	1159.jpg	Silct_BigData	Texture
1160	1160.jpg	Silct_BigData	Boulder
1161	1161.jpg	Silct_BigData	Filled
1162	1162.jpg	Silct_BigData	Texture
1163	1163.jpg	Silct_BigData	Boulder
1164	1164.jpg	Silct_BigData	Filled
1165	1165.jpg	Silct_BigData	Texture
1166	1166.jpg	Silct_BigData	Boulder
1167	1167.jpg	Silct_BigData	Filled
1168	1168.jpg	Silct_BigData	Texture
1169	1169.jpg	Silct_BigData	Boulder
1170	1170.jpg	Silct_BigData	Filled
1171	1171.jpg	Silct_BigData	Texture
1172	1172.jpg	Silct_BigData	Boulder
1173	1173.jpg	Silct_BigData	Filled
1174	1174.jpg	Silct_BigData	Texture
1175	1175.jpg	Silct_BigData	Boulder
1176	1176.jpg	Silct_BigData	Filled
1177	1177.jpg	Silct_BigData	Texture
1178	1178.jpg	Silct_BigData	Boulder
1179	1179.jpg	Silct_BigData	Filled
1180	1180.jpg	Silct_BigData	Texture
1181	1181.jpg	Silct_BigData	Boulder
1182	1182.jpg	Silct_BigData	Filled
1183	1183.jpg	Silct_BigData	Texture
1184	1184.jpg	Silct_BigData	Boulder
1185	1185.jpg	Silct_BigData	Filled
1186	1186.jpg	Silct_BigData	Texture
1187	1187.jpg	Silct_BigData	Boulder
1188	1188.jpg	Silct_BigData	Filled
1189	1189.jpg	Silct_BigData	Texture
1190	1190.jpg	Silct_BigData	Boulder
1191	1191.jpg	Silct_BigData	Filled
1192	1192.jpg	Silct_BigData	Texture
1193	1193.jpg	Silct_BigData	Boulder
1194	1194.jpg	Silct_BigData	Filled
1195	1195.jpg	Silct_BigData	Texture
1196	1196.jpg	Silct_BigData	Boulder
1197	1197.jpg	Silct_BigData	Filled
1198	1198.jpg	Silct_BigData	Texture
1199	1199.jpg	Silct_BigData	Boulder
1200	1200.jpg	Silct_BigData	Filled
1201	1201.jpg	Body_Face_Object	Body
1202	1202.jpg	Body_Face_Object	Body
1203	1203.jpg	Body_Face_Object	Body
1204	1204.jpg	Body_Face_Object	Body
1205	1205.jpg	Body_Face_Object	Body
1206	1206.jpg	Body_Face_Object	Body
1207	1207.jpg	Body_Face_Object	Body
1208	1208.jpg	Body_Face_Object	Body
1209	1209.jpg	Body_Face_Object	Body
1210	1210.jpg	Body_Face_Object	Body
1211	1211.jpg	Body_Face_Object	Body
1212	1212.jpg	Body_Face_Object	Body
1213	1213.jpg	Body_Face_Object	Body
1214	1214.jpg	Body_Face_Object	Body
1215	1215.jpg	Body_Face_Object	Body
1216	1216.jpg	Body_Face_Object	Body
1217	1217.jpg	Body_Face_Object	Body
1218	1218.jpg	Body_Face_Object	Body
1219	1219.jpg	Body_Face_Object	Body
1220	1220.jpg	Body_Face_Object	Body
1221	1221.jpg	Body_Face_Object	Body
1222	1222.jpg	Body_Face_Object	Body
1223	1223.jpg	Body_Face_Object	Body
1224	1224.jpg	Body_Face_Object	Body
1225	1225.jpg	Body_Face_Object	Face
1226	1226.jpg	Body_Face_Object	Face
1227	1227.jpg	Body_Face_Object	Face
1228	1228.jpg	Body_Face_Object	Face
1229	1229.jpg	Body_Face_Object	Face
1230	1230.jpg	Body_Face_Object	Face
1231	1231.jpg	Body_Face_Object	Face
1232	1232.jpg	Body_Face_Object	Face
1233	1233.jpg	Body_Face_Object	Face
1234	1234.jpg	Body_Face_Object	Face
1235	1235.jpg	Body_Face_Object	Face
1236	1236.jpg	Body_Face_Object	Face
1237	1237.jpg	Body_Face_Object	Face
1238	1238.jpg	Body_Face_Object	Face
1239	1239.jpg	Body_Face_Object	Face
1240	1240.jpg	Body_Face_Object	Face
1241	1241.jpg	Body_Face_Object	Face
1242	1242.jpg	Body_Face_Object	Face
1243	1243.jpg	Body_Face_Object	Face
1244	1244.jpg	Body_Face_Object	Face
1245	1245.jpg	Body_Face_Object	Face
1246	1246.jpg	Body_Face_Object	Face
1247	1247.jpg	Body_Face_Object	Face
1248	1248.jpg	Body_Face_Object	Face
1249	1249.jpg	Body_Face_Object	Object
1250	1250.jpg	Body_Face_Object	Object
1251	1251.jpg	Body_Face_Object	Object
1252	1252.jpg	Body_Face_Object	Object
1253	1253.jpg	Body_Face_Object	Object
1254	1254.jpg	Body_Face_Object	Object
1255	1255.jpg	Body_Face_Object	Object
1256	1256.jpg	Body_Face_Object	Object
1257	1257.jpg	Body_Face_Object	Object
1258	1258.jpg	Body_Face_Object	Object
1259	1259.jpg	Body_Face_Object	Object
1260	1260.jpg	Body_Face_Object	Object
1261	1261.jpg	Body_Face_Object	Object
1262	1262.jpg	Body_Face_Object	Object
1263	1263.jpg	Body_Face_Object	Object
1264	1264.jpg	Body_Face_Object	Object
1265	1265.jpg	Body_Face_Object	Object
1266	1266.jpg	Body_Face_Object	Object
1267	1267.jpg	Body_Face_Object	Object
1268	1268.jpg	Body_Face_Object	Object
1269	1269.jpg	Body_Face_Object	Object
1270	1270.jpg	Body_Face_Object	Object
1271	1271.jpg	Body_Face_Object	Object
1272	1272.jpg	Body_Face_Object	Object
1273	1273.jpg	Body_Face_Object	Body
1274	1274.jpg	Body_Face_Object	Body
1275	1275.jpg	Body_Face_Object	Body
1276	1276.jpg	Body_Face_Object	Body
1277	1277.jpg	Body_Face_Object	Body
1278	1278.jpg	Body_Face_Object	Body
1279	1279.jpg	Body_Face_Object	Body
1280	1280.jpg	Body_Face_Object	Body
1281	1281.jpg	Body_Face_Object	Body
1282	1282.jpg	Body_Face_Object	Body
1283	1283.jpg	Body_Face_Object	Body
1284	1284.jpg	Body_Face_Object	Body
1285	1285.jpg	Body_Face_Object	Body
1286	1286.jpg	Body_Face_Object	Body
1287	1287.jpg	Body_Face_Object	Body
1288	1288.jpg	Body_Face_Object	Body
1289	1289.jpg	Body_Face_Object	Body
1290	1290.jpg	Body_Face_Object	Body
1291	1291.jpg	Body_Face_Object	Body
1292	1292.jpg	Body_Face_Object	Body
1293	1293.jpg	Body_Face_Object	Body
1294	1294.jpg	Body_Face_Object	Body
1295	1295.jpg	Body_Face_Object	Body
1296	1296.jpg	Body_Face_Object	Body
1297	1297.jpg	Body_Face_Object	Face
1298	1298.jpg	Body_Face_Object	Face
1299	1299.jpg	Body_Face_Object	Face
1300	1300.jpg	Body_Face_Object	Face
1301	1301.jpg	Body_Face_Object	Face
1302	1302.jpg	Body_Face_Object	Face
1303	1303.jpg	Body_Face_Object	Face
1304	1304.jpg	Body_Face_Object	Face
1305	1305.jpg	Body_Face_Object	Face
1306	1306.jpg	Body_Face_Object	Face
1307	1307.jpg	Body_Face_Object	Face
1308	1308.jpg	Body_Face_Object	Face
1309	1309.jpg	Body_Face_Object	Face
1310	1310.jpg	Body_Face_Object	Face
1311	1311.jpg	Body_Face_Object	Face
1312	1312.jpg	Body_Face_Object	Face
1313	1313.jpg	Body_Face_Object	Face
1314	1314.jpg	Body_Face_Object	Face
1315	1315.jpg	Body_Face_Object	Face
1316	1316.jpg	Body_Face_Object	Face
1317	1317.jpg	Body_Face_Object	Face
1318	1318.jpg	Body_Face_Object	Face
1319	1319.jpg	Body_Face_Object	Face
1320	1320.jpg	Body_Face_Object	Face
1321	1321.jpg	Body_Face_Object	Object
1322	1322.jpg	Body_Face_Object	Object
1323	1323.jpg	Body_Face_Object	Object
1324	1324.jpg	Body_Face_Object	Object
1325	1325.jpg	Body_Face_Object	Object
1326	1326.jpg	Body_Face_Object	Object
1327	1327.jpg	Body_Face_Object	Object
1328	1328.jpg	Body_Face_Object	Object
1329	1329.jpg	Body_Face_Object	Object
1330	1330.jpg	Body_Face_Object	Object
1331	1331.jpg	Body_Face_Object	Object
1332	1332.jpg	Body_Face_Object	Object
1333	1333.jpg	Body_Face_Object	Object
1334	1334.jpg	Body_Face_Object	Object
1335	1335.jpg	Body_Face_Object	Object
1336	1336.jpg	Body_Face_Object	Object
1337	1337.jpg	Body_Face_Object	Object
1338	1338.jpg	Body_Face_Object	Object
1339	1339.jpg	Body_Face_Object	Object
1340	1340.jpg	Body_Face_Object	Object
1341	1341.jpg	Body_Face_Object	Object
1342	1342.jpg	Body_Face_Object	Object
1343	1343.jpg	Body_Face_Object	Object
1344	1344.jpg	Body_Face_Object	Object
1345	1345.jpg	Body_Face_Object	Body
1346	1346.jpg	Body_Face_Object	Body
1347	1347.jpg	Body_Face_Object	Body
1348	1348.jpg	Body_Face_Object	Body
1349	1349.jpg	Body_Face_Object	Body
1350	1350.jpg	Body_Face_Object	Body
1351	1351.jpg	Body_Face_Object	Body
1352	1352.jpg	Body_Face_Object	Body
1353	1353.jpg	Body_Face_Object	Body
1354	1354.jpg	Body_Face_Object	Body
1355	1355.jpg	Body_Face_Object	Body
1356	1356.jpg	Body_Face_Object	Body
1357	1357.jpg	Body_Face_Object	Body
1358	1358.jpg	Body_Face_Object	Body
1359	1359.jpg	Body_Face_Object	Body
1360	1360.jpg	Body_Face_Object	Body
1361	1361.jpg	Body_Face_Object	Body
1362	1362.jpg	Body_Face_Object	Body
1363	1363.jpg	Body_Face_Object	Body
1364	1364.jpg	Body_Face_Object	Body
1365	1365.jpg	Body_Face_Object	Body
1366	1366.jpg	Body_Face_Object	Body
1367	1367.jpg	Body_Face_Object	Body
1368	1368.jpg	Body_Face_Object	Body
1369	1369.jpg	Body_Face_Object	Face
1370	1370.jpg	Body_Face_Object	Face
1371	1371.jpg	Body_Face_Object	Face
1372	1372.jpg	Body_Face_Object	Face
1373	1373.jpg	Body_Face_Object	Face
1374	1374.jpg	Body_Face_Object	Face
1375	1375.jpg	Body_Face_Object	Face
1376	1376.jpg	Body_Face_Object	Face
1377	1377.jpg	Body_Face_Object	Face
1378	1378.jpg	Body_Face_Object	Face
1379	1379.jpg	Body_Face_Object	Face
1380	1380.jpg	Body_Face_Object	Face
1381	1381.jpg	Body_Face_Object	Face
1382	1382.jpg	Body_Face_Object	Face
1383	1383.jpg	Body_Face_Object	Face
1384	1384.jpg	Body_Face_Object	Face
1385	1385.jpg	Body_Face_Object	Face
1386	1386.jpg	Body_Face_Object	Face
1387	1387.jpg	Body_Face_Object	Face
1388	1388.jpg	Body_Face_Object	Face
1389	1389.jpg	Body_Face_Object	Face
1390	1390.jpg	Body_Face_Object	Face
1391	1391.jpg	Body_Face_Object	Face
1392	1392.jpg	Body_Face_Object	Face
1393	1393.jpg	Body_Face_Object	Object
1394	1394.jpg	Body_Face_Object	Object
1395	1395.jpg	Body_Face_Object	Object
1396	1396.jpg	Body_Face_Object	Object
1397	1397.jpg	Body_Face_Object	Object
1398	1398.jpg	Body_Face_Object	Object
1399	1399.jpg	Body_Face_Object	Object
1400	1400.jpg	Body_Face_Object	Object
1401	1401.jpg	Body_Face_Object	Object
1402	1402.jpg	Body_Face_Object	Object
1403	1403.jpg	Body_Face_Object	Object
1404	1404.jpg	Body_Face_Object	Object
1405	1405.jpg	Body_Face_Object	Object
1406	1406.jpg	Body_Face_Object	Object
1407	1407.jpg	Body_Face_Object	Object
1408	1408.jpg	Body_Face_Object	Object
1409	1409.jpg	Body_Face_Object	Object
1410	1410.jpg	Body_Face_Object	Object
1411	1411.jpg	Body_Face_Object	Object
1412	1412.jpg	Body_Face_Object	Object
1413	1413.jpg	Body_Face_Object	Object
1414	1414.jpg	Body_Face_Object	Object
1415	1415.jpg	Body_Face_Object	Object
1416	1416.jpg	Body_Face_Object	Object
